Workbook

Sheet bradesco
M2: =SUM(M5:M168) -> 4818.73 | O2: 46022
B3: Certif. | C3: MAT | D3: Nome Segurado | E3: Data Nascimento | F3: Sexo | G3: Est. Civil | H3: Paren. | I3: Plano | J3: Data Início | K3: M o v. | L3: Lançamento | M3: X | N3: Y | O3: idade | P3: CPF Titular | Q3: Matricula Titular | R3: Salário Titular | S3: Plano Base Atlântico | T3: Custo | V3: DESCONTO COLABORADOR
B5: 0000019/00 | C5: 1 | D5: Colaborador 5 | E5: 25869 | F5: MAS | G5: CAS | I5: TNEE | J5: 44531 | L5: 01/2026 | M5: 29.93 | O5: 0 | P5: 000.000.000-00 | R5: 7392.51 | S5: 29.93 | T5: =IF(R5>=0,IF(AND(R5>tabelas!$C$4,R5<=tabelas!$C$5),(S5)*tabelas!$D$4,IF(AND(R5>=tabelas!$C$5,R5<=tabelas!$C$6),(S5)*tabelas!$D$5,IF(AND(R5>=tabelas!$C$6,R5<=tabelas!$C$7),(S5)*tabelas!$D$6,IF(AND(R5>0,R5>tabelas!$C$7),(S5)*tabelas!$D$7,0))))) -> 25.4405 | V5: =M5-T5 -> 4.4895
B6: 0000019/01 | C6: 2 | D6: Colaborador 6 | E6: 26545 | F6: FEM | G6: CAS | H6: CONJ | I6: TNEE | J6: 44531 | L6: 01/2026 | M6: 29.93 | O6: 0 | P6: 000.000.000-00 | R6: 5535.35 | S6: 29.93 | T6: =IF(R6>=0,IF(AND(R6>tabelas!$C$4,R6<=tabelas!$C$5),(S6)*tabelas!$D$4,IF(AND(R6>=tabelas!$C$5,R6<=tabelas!$C$6),(S6)*tabelas!$D$5,IF(AND(R6>=tabelas!$C$6,R6<=tabelas!$C$7),(S6)*tabelas!$D$6,IF(AND(R6>0,R6>tabelas!$C$7),(S6)*tabelas!$D$7,0))))) -> 25.4405 | V6: =M6-T6 -> 4.4895
B7: 0000019/02 | C7: 3 | D7: Colaborador 7 | E7: 43238 | F7: FEM | G7: SOLT | H7: FILH | I7: TNEE | J7: 44531 | L7: 01/2026 | M7: 29.93 | O7: 0 | P7: 000.000.000-00 | R7: 4675.68 | S7: 29.93 | T7: =IF(R7>=0,IF(AND(R7>tabelas!$C$4,R7<=tabelas!$C$5),(S7)*tabelas!$D$4,IF(AND(R7>=tabelas!$C$5,R7<=tabelas!$C$6),(S7)*tabelas!$D$5,IF(AND(R7>=tabelas!$C$6,R7<=tabelas!$C$7),(S7)*tabelas!$D$6,IF(AND(R7>0,R7>tabelas!$C$7),(S7)*tabelas!$D$7,0))))) -> 25.4405 | V7: =M7-T7 -> 4.4895
B8: 0000019/03 | C8: 4 | D8: Colaborador 8 | E8: 40070 | F8: MAS | G8: SOLT | H8: FILH | I8: TNEE | J8: 44531 | L8: 01/2026 | M8: 29.93 | O8: 0 | P8: 000.000.000-00 | R8: 7718.11 | S8: 29.93 | T8: =IF(R8>=0,IF(AND(R8>tabelas!$C$4,R8<=tabelas!$C$5),(S8)*tabelas!$D$4,IF(AND(R8>=tabelas!$C$5,R8<=tabelas!$C$6),(S8)*tabelas!$D$5,IF(AND(R8>=tabelas!$C$6,R8<=tabelas!$C$7),(S8)*tabelas!$D$6,IF(AND(R8>0,R8>tabelas!$C$7),(S8)*tabelas!$D$7,0))))) -> 23.0461 | V8: =M8-T8 -> 6.8839
B9: 0000019/04 | C9: 5 | D9: Colaborador 9 | E9: 33646 | F9: MAS | G9: CAS | I9: TNQQ | J9: 44531 | L9: 01/2026 | M9: 29.93 | O9: 0 | P9: 000.000.000-00 | R9: 6012.94 | S9: 29.93 | T9: =IF(R9>=0,IF(AND(R9>tabelas!$C$4,R9<=tabelas!$C$5),(S9)*tabelas!$D$4,IF(AND(R9>=tabelas!$C$5,R9<=tabelas!$C$6),(S9)*tabelas!$D$5,IF(AND(R9>=tabelas!$C$6,R9<=tabelas!$C$7),(S9)*tabelas!$D$6,IF(AND(R9>0,R9>tabelas!$C$7),(S9)*tabelas!$D$7,0))))) -> 25.4405 | V9: =M9-T9 -> 4.4895
B10: 0000027/00 | C10: 6 | D10: Colaborador 10 | E10: 33671 | F10: FEM | G10: CAS | H10: CONJ | I10: TNQQ | J10: 44531 | L10: 01/2026 | M10: 29.93 | O10: 0 | P10: 000.000.000-00 | R10: 6226.87 | S10: 29.93 | T10: =IF(R10>=0,IF(AND(R10>tabelas!$C$4,R10<=tabelas!$C$5),(S10)*tabelas!$D$4,IF(AND(R10>=tabelas!$C$5,R10<=tabelas!$C$6),(S10)*tabelas!$D$5,IF(AND(R10>=tabelas!$C$6,R10<=tabelas!$C$7),(S10)*tabelas!$D$6,IF(AND(R10>0,R10>tabelas!$C$7),(S10)*tabelas!$D$7,0))))) -> 25.4405 | V10: =M10-T10 -> 4.4895
B11: 0000027/01 | C11: 7 | D11: Colaborador 11 | E11: 41597 | F11: MAS | G11: SOLT | H11: FILH | I11: TNQQ | J11: 44531 | L11: 01/2026 | M11: 29.93 | O11: 0 | P11: 000.000.000-00 | R11: 6382.49 | S11: 29.93 | T11: =IF(R11>=0,IF(AND(R11>tabelas!$C$4,R11<=tabelas!$C$5),(S11)*tabelas!$D$4,IF(AND(R11>=tabelas!$C$5,R11<=tabelas!$C$6),(S11)*tabelas!$D$5,IF(AND(R11>=tabelas!$C$6,R11<=tabelas!$C$7),(S11)*tabelas!$D$6,IF(AND(R11>0,R11>tabelas!$C$7),(S11)*tabelas!$D$7,0))))) -> 25.4405 | V11: =M11-T11 -> 4.4895
B12: 0000027/02 | C12: 8 | D12: Colaborador 12 | E12: 43027 | F12: MAS | G12: SOLT | H12: FILH | I12: TNQQ | J12: 44531 | L12: 01/2026 | M12: 29.93 | O12: 0 | P12: 000.000.000-00 | R12: 7725.51 | S12: 29.93 | T12: =IF(R12>=0,IF(AND(R12>tabelas!$C$4,R12<=tabelas!$C$5),(S12)*tabelas!$D$4,IF(AND(R12>=tabelas!$C$5,R12<=tabelas!$C$6),(S12)*tabelas!$D$5,IF(AND(R12>=tabelas!$C$6,R12<=tabelas!$C$7),(S12)*tabelas!$D$6,IF(AND(R12>0,R12>tabelas!$C$7),(S12)*tabelas!$D$7,0))))) -> 23.0461 | V12: =M12-T12 -> 6.8839
B13: 0000027/03 | C13: 9 | D13: Colaborador 13 | E13: 44093 | F13: MAS | G13: SOLT | H13: FILH | I13: TNQQ | J13: 44531 | L13: 01/2026 | M13: 29.93 | O13: 0 | P13: 000.000.000-00 | R13: 5442.99 | S13: 29.93 | T13: =IF(R13>=0,IF(AND(R13>tabelas!$C$4,R13<=tabelas!$C$5),(S13)*tabelas!$D$4,IF(AND(R13>=tabelas!$C$5,R13<=tabelas!$C$6),(S13)*tabelas!$D$5,IF(AND(R13>=tabelas!$C$6,R13<=tabelas!$C$7),(S13)*tabelas!$D$6,IF(AND(R13>0,R13>tabelas!$C$7),(S13)*tabelas!$D$7,0))))) -> 25.4405 | V13: =M13-T13 -> 4.4895
B14: 0000027/04 | C14: 10 | D14: Colaborador 14 | E14: 31960 | F14: FEM | G14: SOLT | I14: TNEE | J14: 44531 | L14: 01/2026 | M14: 29.93 | O14: 0 | P14: 000.000.000-00 | R14: 2741.17 | S14: 29.93 | T14: =IF(R14>=0,IF(AND(R14>tabelas!$C$4,R14<=tabelas!$C$5),(S14)*tabelas!$D$4,IF(AND(R14>=tabelas!$C$5,R14<=tabelas!$C$6),(S14)*tabelas!$D$5,IF(AND(R14>=tabelas!$C$6,R14<=tabelas!$C$7),(S14)*tabelas!$D$6,IF(AND(R14>0,R14>tabelas!$C$7),(S14)*tabelas!$D$7,0))))) -> 27.8349 | V14: =M14-T14 -> 2.0951
B15: 0000035/00 | C15: 11 | D15: Colaborador 15 | E15: 32851 | F15: FEM | G15: CAS | H15: CONJ | I15: TNEE | J15: 44944 | L15: 01/2026 | M15: 29.93 | O15: 0 | P15: 000.000.000-00 | R15: 7930.49 | S15: 29.93 | T15: =IF(R15>=0,IF(AND(R15>tabelas!$C$4,R15<=tabelas!$C$5),(S15)*tabelas!$D$4,IF(AND(R15>=tabelas!$C$5,R15<=tabelas!$C$6),(S15)*tabelas!$D$5,IF(AND(R15>=tabelas!$C$6,R15<=tabelas!$C$7),(S15)*tabelas!$D$6,IF(AND(R15>0,R15>tabelas!$C$7),(S15)*tabelas!$D$7,0))))) -> 23.0461 | V15: =M15-T15 -> 6.8839
B16: 0000051/00 | C16: 12 | D16: Colaborador 16 | E16: 35494 | F16: MAS | G16: CAS | I16: TNQQ | J16: 44531 | L16: 01/2026 | M16: 29.93 | O16: 0 | P16: 000.000.000-00 | R16: 7094.63 | S16: 29.93 | T16: =IF(R16>=0,IF(AND(R16>tabelas!$C$4,R16<=tabelas!$C$5),(S16)*tabelas!$D$4,IF(AND(R16>=tabelas!$C$5,R16<=tabelas!$C$6),(S16)*tabelas!$D$5,IF(AND(R16>=tabelas!$C$6,R16<=tabelas!$C$7),(S16)*tabelas!$D$6,IF(AND(R16>0,R16>tabelas!$C$7),(S16)*tabelas!$D$7,0))))) -> 25.4405 | V16: =M16-T16 -> 4.4895
B17: 0000060/00 | C17: 13 | D17: Colaborador 17 | E17: 36298 | F17: FEM | G17: CAS | H17: CONJ | I17: TNQQ | J17: 44531 | L17: 01/2026 | M17: 29.93 | O17: 0 | P17: 000.000.000-00 | R17: 3011.43 | S17: 29.93 | T17: =IF(R17>=0,IF(AND(R17>tabelas!$C$4,R17<=tabelas!$C$5),(S17)*tabelas!$D$4,IF(AND(R17>=tabelas!$C$5,R17<=tabelas!$C$6),(S17)*tabelas!$D$5,IF(AND(R17>=tabelas!$C$6,R17<=tabelas!$C$7),(S17)*tabelas!$D$6,IF(AND(R17>0,R17>tabelas!$C$7),(S17)*tabelas!$D$7,0))))) -> 27.8349 | V17: =M17-T17 -> 2.0951
B18: 0000078/00 | C18: 14 | D18: Colaborador 18 | E18: 30548 | F18: MAS | G18: SOLT | I18: TNEE | J18: 44531 | L18: 01/2026 | M18: 29.93 | O18: 0 | P18: 000.000.000-00 | R18: 3956.56 | S18: 29.93 | T18: =IF(R18>=0,IF(AND(R18>tabelas!$C$4,R18<=tabelas!$C$5),(S18)*tabelas!$D$4,IF(AND(R18>=tabelas!$C$5,R18<=tabelas!$C$6),(S18)*tabelas!$D$5,IF(AND(R18>=tabelas!$C$6,R18<=tabelas!$C$7),(S18)*tabelas!$D$6,IF(AND(R18>0,R18>tabelas!$C$7),(S18)*tabelas!$D$7,0))))) -> 25.4405 | V18: =M18-T18 -> 4.4895
B19: 0000078/01 | C19: 15 | D19: Colaborador 19 | E19: 41079 | F19: MAS | G19: SOLT | H19: FILH | I19: TNEE | J19: 44531 | L19: 01/2026 | M19: 29.93 | O19: 0 | P19: 000.000.000-00 | R19: 2358.33 | S19: 29.93 | T19: =IF(R19>=0,IF(AND(R19>tabelas!$C$4,R19<=tabelas!$C$5),(S19)*tabelas!$D$4,IF(AND(R19>=tabelas!$C$5,R19<=tabelas!$C$6),(S19)*tabelas!$D$5,IF(AND(R19>=tabelas!$C$6,R19<=tabelas!$C$7),(S19)*tabelas!$D$6,IF(AND(R19>0,R19>tabelas!$C$7),(S19)*tabelas!$D$7,0))))) -> 27.8349 | V19: =M19-T19 -> 2.0951
B20: 0000086/00 | C20: 16 | D20: Colaborador 20 | E20: 44136 | F20: FEM | G20: SOLT | H20: FILH | I20: TNEE | J20: 44531 | L20: 01/2026 | M20: 29.93 | O20: 0 | P20: 000.000.000-00 | R20: 5569.64 | S20: 29.93 | T20: =IF(R20>=0,IF(AND(R20>tabelas!$C$4,R20<=tabelas!$C$5),(S20)*tabelas!$D$4,IF(AND(R20>=tabelas!$C$5,R20<=tabelas!$C$6),(S20)*tabelas!$D$5,IF(AND(R20>=tabelas!$C$6,R20<=tabelas!$C$7),(S20)*tabelas!$D$6,IF(AND(R20>0,R20>tabelas!$C$7),(S20)*tabelas!$D$7,0))))) -> 25.4405 | V20: =M20-T20 -> 4.4895
B21: 0000094/00 | C21: 17 | D21: Colaborador 21 | E21: 44136 | F21: FEM | G21: SOLT | H21: FILH | I21: TNEE | J21: 44531 | L21: 01/2026 | M21: 29.93 | O21: 0 | P21: 000.000.000-00 | R21: 7534.26 | S21: 29.93 | T21: =IF(R21>=0,IF(AND(R21>tabelas!$C$4,R21<=tabelas!$C$5),(S21)*tabelas!$D$4,IF(AND(R21>=tabelas!$C$5,R21<=tabelas!$C$6),(S21)*tabelas!$D$5,IF(AND(R21>=tabelas!$C$6,R21<=tabelas!$C$7),(S21)*tabelas!$D$6,IF(AND(R21>0,R21>tabelas!$C$7),(S21)*tabelas!$D$7,0))))) -> 23.0461 | V21: =M21-T21 -> 6.8839
B22: 0000094/01 | C22: 18 | D22: Colaborador 22 | E22: 32714 | F22: MAS | G22: SOLT | I22: TNQQ | J22: 44531 | L22: 01/2026 | M22: 29.93 | O22: 0 | P22: 000.000.000-00 | R22: 6139.28 | S22: 29.93 | T22: =IF(R22>=0,IF(AND(R22>tabelas!$C$4,R22<=tabelas!$C$5),(S22)*tabelas!$D$4,IF(AND(R22>=tabelas!$C$5,R22<=tabelas!$C$6),(S22)*tabelas!$D$5,IF(AND(R22>=tabelas!$C$6,R22<=tabelas!$C$7),(S22)*tabelas!$D$6,IF(AND(R22>0,R22>tabelas!$C$7),(S22)*tabelas!$D$7,0))))) -> 25.4405 | V22: =M22-T22 -> 4.4895
B23: 0000094/02 | C23: 19 | D23: Colaborador 23 | E23: 33973 | F23: FEM | G23: SOLT | I23: TNQQ | J23: 44531 | L23: 01/2026 | M23: 29.93 | O23: 0 | P23: 000.000.000-00 | R23: 5923.96 | S23: 29.93 | T23: =IF(R23>=0,IF(AND(R23>tabelas!$C$4,R23<=tabelas!$C$5),(S23)*tabelas!$D$4,IF(AND(R23>=tabelas!$C$5,R23<=tabelas!$C$6),(S23)*tabelas!$D$5,IF(AND(R23>=tabelas!$C$6,R23<=tabelas!$C$7),(S23)*tabelas!$D$6,IF(AND(R23>0,R23>tabelas!$C$7),(S23)*tabelas!$D$7,0))))) -> 25.4405 | V23: =M23-T23 -> 4.4895
B24: 0000094/03 | C24: 20 | D24: Colaborador 24 | E24: 31799 | F24: FEM | G24: CAS | I24: TNEE | J24: 44531 | L24: 01/2026 | M24: 29.93 | O24: 0 | P24: 000.000.000-00 | R24: 5231.86 | S24: 29.93 | T24: =IF(R24>=0,IF(AND(R24>tabelas!$C$4,R24<=tabelas!$C$5),(S24)*tabelas!$D$4,IF(AND(R24>=tabelas!$C$5,R24<=tabelas!$C$6),(S24)*tabelas!$D$5,IF(AND(R24>=tabelas!$C$6,R24<=tabelas!$C$7),(S24)*tabelas!$D$6,IF(AND(R24>0,R24>tabelas!$C$7),(S24)*tabelas!$D$7,0))))) -> 25.4405 | V24: =M24-T24 -> 4.4895
B25: 0000108/00 | C25: 21 | D25: Colaborador 25 | E25: 31497 | F25: MAS | G25: SOLT | I25: TNEE | J25: 44531 | L25: 01/2026 | M25: 29.93 | O25: 0 | P25: 000.000.000-00 | R25: 1691 | S25: 29.93 | T25: =IF(R25>=0,IF(AND(R25>tabelas!$C$4,R25<=tabelas!$C$5),(S25)*tabelas!$D$4,IF(AND(R25>=tabelas!$C$5,R25<=tabelas!$C$6),(S25)*tabelas!$D$5,IF(AND(R25>=tabelas!$C$6,R25<=tabelas!$C$7),(S25)*tabelas!$D$6,IF(AND(R25>0,R25>tabelas!$C$7),(S25)*tabelas!$D$7,0))))) -> 27.8349 | V25: =M25-T25 -> 2.0951
B26: 0000116/00 | C26: 22 | D26: Colaborador 26 | E26: 30575 | F26: FEM | G26: CAS | H26: CONJ | I26: TNEE | J26: 44544 | L26: 01/2026 | M26: 29.93 | O26: 0 | P26: 000.000.000-00 | R26: 6905.09 | S26: 29.93 | T26: =IF(R26>=0,IF(AND(R26>tabelas!$C$4,R26<=tabelas!$C$5),(S26)*tabelas!$D$4,IF(AND(R26>=tabelas!$C$5,R26<=tabelas!$C$6),(S26)*tabelas!$D$5,IF(AND(R26>=tabelas!$C$6,R26<=tabelas!$C$7),(S26)*tabelas!$D$6,IF(AND(R26>0,R26>tabelas!$C$7),(S26)*tabelas!$D$7,0))))) -> 25.4405 | V26: =M26-T26 -> 4.4895
B27: 0000124/00 | C27: 23 | D27: Colaborador 27 | E27: 45097 | F27: MAS | G27: SOLT | H27: FILH | I27: TNEE | J27: 45108 | L27: 01/2026 | M27: 29.93 | O27: 0 | P27: 000.000.000-00 | R27: 1322.8 | S27: 29.93 | T27: =IF(R27>=0,IF(AND(R27>tabelas!$C$4,R27<=tabelas!$C$5),(S27)*tabelas!$D$4,IF(AND(R27>=tabelas!$C$5,R27<=tabelas!$C$6),(S27)*tabelas!$D$5,IF(AND(R27>=tabelas!$C$6,R27<=tabelas!$C$7),(S27)*tabelas!$D$6,IF(AND(R27>0,R27>tabelas!$C$7),(S27)*tabelas!$D$7,0))))) -> 27.8349 | V27: =M27-T27 -> 2.0951
B28: 0000132/00 | C28: 24 | D28: Colaborador 28 | E28: 33721 | F28: MAS | G28: SOLT | I28: TNEE | J28: 44602 | L28: 01/2026 | M28: 29.93 | O28: 0 | P28: 000.000.000-00 | R28: 3477.96 | S28: 29.93 | T28: =IF(R28>=0,IF(AND(R28>tabelas!$C$4,R28<=tabelas!$C$5),(S28)*tabelas!$D$4,IF(AND(R28>=tabelas!$C$5,R28<=tabelas!$C$6),(S28)*tabelas!$D$5,IF(AND(R28>=tabelas!$C$6,R28<=tabelas!$C$7),(S28)*tabelas!$D$6,IF(AND(R28>0,R28>tabelas!$C$7),(S28)*tabelas!$D$7,0))))) -> 27.8349 | V28: =M28-T28 -> 2.0951
B29: 0000132/01 | C29: 25 | D29: Colaborador 29 | E29: 34943 | F29: MAS | G29: SOLT | I29: TNQQ | J29: 44627 | L29: 01/2026 | M29: 29.93 | O29: 0 | P29: 000.000.000-00 | R29: 2584.41 | S29: 29.93 | T29: =IF(R29>=0,IF(AND(R29>tabelas!$C$4,R29<=tabelas!$C$5),(S29)*tabelas!$D$4,IF(AND(R29>=tabelas!$C$5,R29<=tabelas!$C$6),(S29)*tabelas!$D$5,IF(AND(R29>=tabelas!$C$6,R29<=tabelas!$C$7),(S29)*tabelas!$D$6,IF(AND(R29>0,R29>tabelas!$C$7),(S29)*tabelas!$D$7,0))))) -> 27.8349 | V29: =M29-T29 -> 2.0951
B30: 0000132/02 | C30: 26 | D30: Colaborador 30 | E30: 33366 | F30: MAS | G30: SOLT | I30: TNEE | J30: 44659 | L30: 01/2026 | M30: 29.93 | O30: 0 | P30: 000.000.000-00 | R30: 1961.89 | S30: 29.93 | T30: =IF(R30>=0,IF(AND(R30>tabelas!$C$4,R30<=tabelas!$C$5),(S30)*tabelas!$D$4,IF(AND(R30>=tabelas!$C$5,R30<=tabelas!$C$6),(S30)*tabelas!$D$5,IF(AND(R30>=tabelas!$C$6,R30<=tabelas!$C$7),(S30)*tabelas!$D$6,IF(AND(R30>0,R30>tabelas!$C$7),(S30)*tabelas!$D$7,0))))) -> 27.8349 | V30: =M30-T30 -> 2.0951
B31: 0000140/00 | C31: 27 | D31: Colaborador 31 | E31: 34288 | F31: MAS | G31: SOLT | H31: CONJ | I31: TNEE | J31: 45413 | L31: 01/2026 | M31: 29.93 | O31: 0 | P31: 000.000.000-00 | R31: 3406 | S31: 29.93 | T31: =IF(R31>=0,IF(AND(R31>tabelas!$C$4,R31<=tabelas!$C$5),(S31)*tabelas!$D$4,IF(AND(R31>=tabelas!$C$5,R31<=tabelas!$C$6),(S31)*tabelas!$D$5,IF(AND(R31>=tabelas!$C$6,R31<=tabelas!$C$7),(S31)*tabelas!$D$6,IF(AND(R31>0,R31>tabelas!$C$7),(S31)*tabelas!$D$7,0))))) -> 27.8349 | V31: =M31-T31 -> 2.0951
B32: 0000159/00 | C32: 28 | D32: Colaborador 32 | E32: 33143 | F32: FEM | G32: SOLT | I32: FCQX | J32: 44655 | L32: 01/2026 | M32: 29.93 | O32: 0 | P32: 000.000.000-00 | R32: 6180.88 | S32: 29.93 | T32: =IF(R32>=0,IF(AND(R32>tabelas!$C$4,R32<=tabelas!$C$5),(S32)*tabelas!$D$4,IF(AND(R32>=tabelas!$C$5,R32<=tabelas!$C$6),(S32)*tabelas!$D$5,IF(AND(R32>=tabelas!$C$6,R32<=tabelas!$C$7),(S32)*tabelas!$D$6,IF(AND(R32>0,R32>tabelas!$C$7),(S32)*tabelas!$D$7,0))))) -> 25.4405 | V32: =M32-T32 -> 4.4895
B33: 0000175/00 | C33: 29 | D33: Colaborador 33 | E33: 31352 | F33: FEM | G33: CAS | I33: TNEE | J33: 44697 | L33: 01/2026 | M33: 29.93 | O33: 0 | P33: 000.000.000-00 | R33: 4238.79 | S33: 29.93 | T33: =IF(R33>=0,IF(AND(R33>tabelas!$C$4,R33<=tabelas!$C$5),(S33)*tabelas!$D$4,IF(AND(R33>=tabelas!$C$5,R33<=tabelas!$C$6),(S33)*tabelas!$D$5,IF(AND(R33>=tabelas!$C$6,R33<=tabelas!$C$7),(S33)*tabelas!$D$6,IF(AND(R33>0,R33>tabelas!$C$7),(S33)*tabelas!$D$7,0))))) -> 25.4405 | V33: =M33-T33 -> 4.4895
B34: 0000175/01 | C34: 30 | D34: Colaborador 34 | E34: 34301 | F34: MAS | G34: CAS | H34: CONJ | I34: TNEE | J34: 44697 | L34: 01/2026 | M34: 29.93 | O34: 0 | P34: 000.000.000-00 | R34: 5556.85 | S34: 29.93 | T34: =IF(R34>=0,IF(AND(R34>tabelas!$C$4,R34<=tabelas!$C$5),(S34)*tabelas!$D$4,IF(AND(R34>=tabelas!$C$5,R34<=tabelas!$C$6),(S34)*tabelas!$D$5,IF(AND(R34>=tabelas!$C$6,R34<=tabelas!$C$7),(S34)*tabelas!$D$6,IF(AND(R34>0,R34>tabelas!$C$7),(S34)*tabelas!$D$7,0))))) -> 25.4405 | V34: =M34-T34 -> 4.4895
B35: 0000175/02 | C35: 31 | D35: Colaborador 35 | E35: 43481 | F35: MAS | G35: SOLT | H35: FILH | I35: TNEE | J35: 44697 | L35: 01/2026 | M35: 29.93 | O35: 0 | P35: 000.000.000-00 | R35: 7645.71 | S35: 29.93 | T35: =IF(R35>=0,IF(AND(R35>tabelas!$C$4,R35<=tabelas!$C$5),(S35)*tabelas!$D$4,IF(AND(R35>=tabelas!$C$5,R35<=tabelas!$C$6),(S35)*tabelas!$D$5,IF(AND(R35>=tabelas!$C$6,R35<=tabelas!$C$7),(S35)*tabelas!$D$6,IF(AND(R35>0,R35>tabelas!$C$7),(S35)*tabelas!$D$7,0))))) -> 23.0461 | V35: =M35-T35 -> 6.8839
B36: 0000183/00 | C36: 32 | D36: Colaborador 36 | E36: 30373 | F36: MAS | G36: CAS | I36: TNQQ | J36: 44697 | L36: 01/2026 | M36: 29.93 | O36: 0 | P36: 000.000.000-00 | R36: 2782.34 | S36: 29.93 | T36: =IF(R36>=0,IF(AND(R36>tabelas!$C$4,R36<=tabelas!$C$5),(S36)*tabelas!$D$4,IF(AND(R36>=tabelas!$C$5,R36<=tabelas!$C$6),(S36)*tabelas!$D$5,IF(AND(R36>=tabelas!$C$6,R36<=tabelas!$C$7),(S36)*tabelas!$D$6,IF(AND(R36>0,R36>tabelas!$C$7),(S36)*tabelas!$D$7,0))))) -> 27.8349 | V36: =M36-T36 -> 2.0951
B37: 0000183/01 | C37: 33 | D37: Colaborador 37 | E37: 40124 | F37: FEM | G37: SOLT | H37: FILH | I37: TNQQ | J37: 44697 | L37: 01/2026 | M37: 29.93 | O37: 0 | P37: 000.000.000-00 | R37: 1741.37 | S37: 29.93 | T37: =IF(R37>=0,IF(AND(R37>tabelas!$C$4,R37<=tabelas!$C$5),(S37)*tabelas!$D$4,IF(AND(R37>=tabelas!$C$5,R37<=tabelas!$C$6),(S37)*tabelas!$D$5,IF(AND(R37>=tabelas!$C$6,R37<=tabelas!$C$7),(S37)*tabelas!$D$6,IF(AND(R37>0,R37>tabelas!$C$7),(S37)*tabelas!$D$7,0))))) -> 27.8349 | V37: =M37-T37 -> 2.0951
B38: 0000183/02 | C38: 34 | D38: Colaborador 38 | E38: 44529 | F38: MAS | G38: SOLT | H38: FILH | I38: TNQQ | J38: 44697 | L38: 01/2026 | M38: 29.93 | O38: 0 | P38: 000.000.000-00 | R38: 6507.02 | S38: 29.93 | T38: =IF(R38>=0,IF(AND(R38>tabelas!$C$4,R38<=tabelas!$C$5),(S38)*tabelas!$D$4,IF(AND(R38>=tabelas!$C$5,R38<=tabelas!$C$6),(S38)*tabelas!$D$5,IF(AND(R38>=tabelas!$C$6,R38<=tabelas!$C$7),(S38)*tabelas!$D$6,IF(AND(R38>0,R38>tabelas!$C$7),(S38)*tabelas!$D$7,0))))) -> 25.4405 | V38: =M38-T38 -> 4.4895
B39: 0000191/00 | C39: 35 | D39: Colaborador 39 | E39: 34095 | F39: MAS | G39: CAS | I39: TNQQ | J39: 44662 | L39: 01/2026 | M39: 29.93 | O39: 0 | P39: 000.000.000-00 | R39: 1463.11 | S39: 29.93 | T39: =IF(R39>=0,IF(AND(R39>tabelas!$C$4,R39<=tabelas!$C$5),(S39)*tabelas!$D$4,IF(AND(R39>=tabelas!$C$5,R39<=tabelas!$C$6),(S39)*tabelas!$D$5,IF(AND(R39>=tabelas!$C$6,R39<=tabelas!$C$7),(S39)*tabelas!$D$6,IF(AND(R39>0,R39>tabelas!$C$7),(S39)*tabelas!$D$7,0))))) -> 27.8349 | V39: =M39-T39 -> 2.0951
B40: 0000205/00 | C40: 36 | D40: Colaborador 40 | E40: 34435 | F40: FEM | G40: CAS | H40: CONJ | I40: TNQQ | J40: 44662 | L40: 01/2026 | M40: 29.93 | O40: 0 | P40: 000.000.000-00 | R40: 6190.63 | S40: 29.93 | T40: =IF(R40>=0,IF(AND(R40>tabelas!$C$4,R40<=tabelas!$C$5),(S40)*tabelas!$D$4,IF(AND(R40>=tabelas!$C$5,R40<=tabelas!$C$6),(S40)*tabelas!$D$5,IF(AND(R40>=tabelas!$C$6,R40<=tabelas!$C$7),(S40)*tabelas!$D$6,IF(AND(R40>0,R40>tabelas!$C$7),(S40)*tabelas!$D$7,0))))) -> 25.4405 | V40: =M40-T40 -> 4.4895
B41: 0000213/00 | C41: 37 | D41: Colaborador 41 | E41: 33532 | F41: MAS | G41: SOLT | I41: TNQQ | J41: 44704 | L41: 01/2026 | M41: 29.93 | O41: 0 | P41: 000.000.000-00 | R41: 3295.14 | S41: 29.93 | T41: =IF(R41>=0,IF(AND(R41>tabelas!$C$4,R41<=tabelas!$C$5),(S41)*tabelas!$D$4,IF(AND(R41>=tabelas!$C$5,R41<=tabelas!$C$6),(S41)*tabelas!$D$5,IF(AND(R41>=tabelas!$C$6,R41<=tabelas!$C$7),(S41)*tabelas!$D$6,IF(AND(R41>0,R41>tabelas!$C$7),(S41)*tabelas!$D$7,0))))) -> 27.8349 | V41: =M41-T41 -> 2.0951
B42: 0000230/00 | C42: 38 | D42: Colaborador 42 | E42: 33361 | F42: FEM | G42: CAS | I42: FCQX | J42: 44655 | L42: 01/2026 | M42: 29.93 | O42: 0 | P42: 000.000.000-00 | R42: 6890.29 | S42: 29.93 | T42: =IF(R42>=0,IF(AND(R42>tabelas!$C$4,R42<=tabelas!$C$5),(S42)*tabelas!$D$4,IF(AND(R42>=tabelas!$C$5,R42<=tabelas!$C$6),(S42)*tabelas!$D$5,IF(AND(R42>=tabelas!$C$6,R42<=tabelas!$C$7),(S42)*tabelas!$D$6,IF(AND(R42>0,R42>tabelas!$C$7),(S42)*tabelas!$D$7,0))))) -> 25.4405 | V42: =M42-T42 -> 4.4895
B43: 0000256/00 | C43: 39 | D43: Colaborador 43 | E43: 29119 | F43: MAS | G43: CAS | I43: TNEE | J43: 44732 | L43: 01/2026 | M43: 29.93 | O43: 0 | P43: 000.000.000-00 | R43: 7602.91 | S43: 29.93 | T43: =IF(R43>=0,IF(AND(R43>tabelas!$C$4,R43<=tabelas!$C$5),(S43)*tabelas!$D$4,IF(AND(R43>=tabelas!$C$5,R43<=tabelas!$C$6),(S43)*tabelas!$D$5,IF(AND(R43>=tabelas!$C$6,R43<=tabelas!$C$7),(S43)*tabelas!$D$6,IF(AND(R43>0,R43>tabelas!$C$7),(S43)*tabelas!$D$7,0))))) -> 23.0461 | V43: =M43-T43 -> 6.8839
B44: 0000256/01 | C44: 40 | D44: Colaborador 44 | E44: 31909 | F44: FEM | G44: CAS | H44: CONJ | I44: TNEE | J44: 44732 | L44: 01/2026 | M44: 29.93 | O44: 0 | P44: 000.000.000-00 | R44: 5481.18 | S44: 29.93 | T44: =IF(R44>=0,IF(AND(R44>tabelas!$C$4,R44<=tabelas!$C$5),(S44)*tabelas!$D$4,IF(AND(R44>=tabelas!$C$5,R44<=tabelas!$C$6),(S44)*tabelas!$D$5,IF(AND(R44>=tabelas!$C$6,R44<=tabelas!$C$7),(S44)*tabelas!$D$6,IF(AND(R44>0,R44>tabelas!$C$7),(S44)*tabelas!$D$7,0))))) -> 25.4405 | V44: =M44-T44 -> 4.4895
B45: 0000256/02 | C45: 41 | D45: Colaborador 45 | E45: 41917 | F45: MAS | G45: SOLT | H45: FILH | I45: TNEE | J45: 44732 | L45: 01/2026 | M45: 29.93 | O45: 0 | P45: 000.000.000-00 | R45: 2680.95 | S45: 29.93 | T45: =IF(R45>=0,IF(AND(R45>tabelas!$C$4,R45<=tabelas!$C$5),(S45)*tabelas!$D$4,IF(AND(R45>=tabelas!$C$5,R45<=tabelas!$C$6),(S45)*tabelas!$D$5,IF(AND(R45>=tabelas!$C$6,R45<=tabelas!$C$7),(S45)*tabelas!$D$6,IF(AND(R45>0,R45>tabelas!$C$7),(S45)*tabelas!$D$7,0))))) -> 27.8349 | V45: =M45-T45 -> 2.0951
B46: 0000264/00 | C46: 42 | D46: Colaborador 46 | E46: 33649 | F46: MAS | G46: SOLT | I46: TNQQ | J46: 44732 | L46: 01/2026 | M46: 29.93 | O46: 0 | P46: 000.000.000-00 | R46: 5594.45 | S46: 29.93 | T46: =IF(R46>=0,IF(AND(R46>tabelas!$C$4,R46<=tabelas!$C$5),(S46)*tabelas!$D$4,IF(AND(R46>=tabelas!$C$5,R46<=tabelas!$C$6),(S46)*tabelas!$D$5,IF(AND(R46>=tabelas!$C$6,R46<=tabelas!$C$7),(S46)*tabelas!$D$6,IF(AND(R46>0,R46>tabelas!$C$7),(S46)*tabelas!$D$7,0))))) -> 25.4405 | V46: =M46-T46 -> 4.4895
B47: 0000264/01 | C47: 43 | D47: Colaborador 47 | E47: 35080 | F47: FEM | G47: SOLT | I47: TNEE | J47: 44718 | L47: 01/2026 | M47: 29.93 | O47: 0 | P47: 000.000.000-00 | R47: 5827.5 | S47: 29.93 | T47: =IF(R47>=0,IF(AND(R47>tabelas!$C$4,R47<=tabelas!$C$5),(S47)*tabelas!$D$4,IF(AND(R47>=tabelas!$C$5,R47<=tabelas!$C$6),(S47)*tabelas!$D$5,IF(AND(R47>=tabelas!$C$6,R47<=tabelas!$C$7),(S47)*tabelas!$D$6,IF(AND(R47>0,R47>tabelas!$C$7),(S47)*tabelas!$D$7,0))))) -> 25.4405 | V47: =M47-T47 -> 4.4895
B48: 0000280/00 | C48: 44 | D48: Colaborador 48 | E48: 34263 | F48: FEM | G48: CAS | I48: TNQQ | J48: 44753 | L48: 01/2026 | M48: 29.93 | O48: 0 | P48: 000.000.000-00 | R48: 5573.6 | S48: 29.93 | T48: =IF(R48>=0,IF(AND(R48>tabelas!$C$4,R48<=tabelas!$C$5),(S48)*tabelas!$D$4,IF(AND(R48>=tabelas!$C$5,R48<=tabelas!$C$6),(S48)*tabelas!$D$5,IF(AND(R48>=tabelas!$C$6,R48<=tabelas!$C$7),(S48)*tabelas!$D$6,IF(AND(R48>0,R48>tabelas!$C$7),(S48)*tabelas!$D$7,0))))) -> 25.4405 | V48: =M48-T48 -> 4.4895
B49: 0000299/00 | C49: 45 | D49: Colaborador 49 | E49: 44953 | F49: MAS | G49: SOLT | H49: FILH | I49: TNQQ | J49: 44958 | L49: 01/2026 | M49: 29.93 | O49: 0 | P49: 000.000.000-00 | R49: 2227.78 | S49: 29.93 | T49: =IF(R49>=0,IF(AND(R49>tabelas!$C$4,R49<=tabelas!$C$5),(S49)*tabelas!$D$4,IF(AND(R49>=tabelas!$C$5,R49<=tabelas!$C$6),(S49)*tabelas!$D$5,IF(AND(R49>=tabelas!$C$6,R49<=tabelas!$C$7),(S49)*tabelas!$D$6,IF(AND(R49>0,R49>tabelas!$C$7),(S49)*tabelas!$D$7,0))))) -> 27.8349 | V49: =M49-T49 -> 2.0951
B50: 0000302/00 | C50: 46 | D50: Colaborador 50 | E50: 34554 | F50: MAS | G50: CAS | H50: CONJ | I50: TNQQ | J50: 45593 | L50: 01/2026 | M50: 29.93 | O50: 0 | P50: 000.000.000-00 | R50: 5025.15 | S50: 29.93 | T50: =IF(R50>=0,IF(AND(R50>tabelas!$C$4,R50<=tabelas!$C$5),(S50)*tabelas!$D$4,IF(AND(R50>=tabelas!$C$5,R50<=tabelas!$C$6),(S50)*tabelas!$D$5,IF(AND(R50>=tabelas!$C$6,R50<=tabelas!$C$7),(S50)*tabelas!$D$6,IF(AND(R50>0,R50>tabelas!$C$7),(S50)*tabelas!$D$7,0))))) -> 25.4405 | V50: =M50-T50 -> 4.4895
B51: 0000302/01 | C51: 47 | D51: Colaborador 51 | E51: 34059 | F51: MAS | G51: SOLT | I51: TNQQ | J51: 44753 | L51: 01/2026 | M51: 29.93 | O51: 0 | P51: 000.000.000-00 | R51: 3766.22 | S51: 29.93 | T51: =IF(R51>=0,IF(AND(R51>tabelas!$C$4,R51<=tabelas!$C$5),(S51)*tabelas!$D$4,IF(AND(R51>=tabelas!$C$5,R51<=tabelas!$C$6),(S51)*tabelas!$D$5,IF(AND(R51>=tabelas!$C$6,R51<=tabelas!$C$7),(S51)*tabelas!$D$6,IF(AND(R51>0,R51>tabelas!$C$7),(S51)*tabelas!$D$7,0))))) -> 25.4405 | V51: =M51-T51 -> 4.4895
B52: 0000310/00 | C52: 48 | D52: Colaborador 52 | E52: 45524 | F52: FEM | G52: SOLT | H52: FILH | I52: TNQQ | J52: 45530 | L52: 01/2026 | M52: 29.93 | O52: 0 | P52: 000.000.000-00 | R52: 3669.92 | S52: 29.93 | T52: =IF(R52>=0,IF(AND(R52>tabelas!$C$4,R52<=tabelas!$C$5),(S52)*tabelas!$D$4,IF(AND(R52>=tabelas!$C$5,R52<=tabelas!$C$6),(S52)*tabelas!$D$5,IF(AND(R52>=tabelas!$C$6,R52<=tabelas!$C$7),(S52)*tabelas!$D$6,IF(AND(R52>0,R52>tabelas!$C$7),(S52)*tabelas!$D$7,0))))) -> 27.8349 | V52: =M52-T52 -> 2.0951
B53: 0000310/01 | C53: 49 | D53: Colaborador 53 | E53: 34747 | F53: MAS | G53: CAS | I53: TNQQ | J53: 44809 | L53: 01/2026 | M53: 29.93 | O53: 0 | P53: 000.000.000-00 | R53: 7217.81 | S53: 29.93 | T53: =IF(R53>=0,IF(AND(R53>tabelas!$C$4,R53<=tabelas!$C$5),(S53)*tabelas!$D$4,IF(AND(R53>=tabelas!$C$5,R53<=tabelas!$C$6),(S53)*tabelas!$D$5,IF(AND(R53>=tabelas!$C$6,R53<=tabelas!$C$7),(S53)*tabelas!$D$6,IF(AND(R53>0,R53>tabelas!$C$7),(S53)*tabelas!$D$7,0))))) -> 25.4405 | V53: =M53-T53 -> 4.4895
B54: 0000310/02 | C54: 50 | D54: Colaborador 54 | E54: 35507 | F54: FEM | G54: CAS | H54: CONJ | I54: TNQQ | J54: 44809 | L54: 01/2026 | M54: 29.93 | O54: 0 | P54: 000.000.000-00 | R54: 6518.86 | S54: 29.93 | T54: =IF(R54>=0,IF(AND(R54>tabelas!$C$4,R54<=tabelas!$C$5),(S54)*tabelas!$D$4,IF(AND(R54>=tabelas!$C$5,R54<=tabelas!$C$6),(S54)*tabelas!$D$5,IF(AND(R54>=tabelas!$C$6,R54<=tabelas!$C$7),(S54)*tabelas!$D$6,IF(AND(R54>0,R54>tabelas!$C$7),(S54)*tabelas!$D$7,0))))) -> 25.4405 | V54: =M54-T54 -> 4.4895
B55: 0000329/00 | C55: 51 | D55: Colaborador 55 | E55: 44930 | F55: MAS | G55: SOLT | H55: FILH | I55: TNQQ | J55: 44931 | L55: 01/2026 | M55: 29.93 | O55: 0 | P55: 000.000.000-00 | R55: 4675.07 | S55: 29.93 | T55: =IF(R55>=0,IF(AND(R55>tabelas!$C$4,R55<=tabelas!$C$5),(S55)*tabelas!$D$4,IF(AND(R55>=tabelas!$C$5,R55<=tabelas!$C$6),(S55)*tabelas!$D$5,IF(AND(R55>=tabelas!$C$6,R55<=tabelas!$C$7),(S55)*tabelas!$D$6,IF(AND(R55>0,R55>tabelas!$C$7),(S55)*tabelas!$D$7,0))))) -> 25.4405 | V55: =M55-T55 -> 4.4895
B56: 0000337/00 | C56: 52 | D56: Colaborador 56 | E56: 30970 | F56: MAS | G56: CAS | I56: TNEE | J56: 44823 | L56: 01/2026 | M56: 29.93 | O56: 0 | P56: 000.000.000-00 | R56: 6269.27 | S56: 29.93 | T56: =IF(R56>=0,IF(AND(R56>tabelas!$C$4,R56<=tabelas!$C$5),(S56)*tabelas!$D$4,IF(AND(R56>=tabelas!$C$5,R56<=tabelas!$C$6),(S56)*tabelas!$D$5,IF(AND(R56>=tabelas!$C$6,R56<=tabelas!$C$7),(S56)*tabelas!$D$6,IF(AND(R56>0,R56>tabelas!$C$7),(S56)*tabelas!$D$7,0))))) -> 25.4405 | V56: =M56-T56 -> 4.4895
B57: 0000345/00 | C57: 53 | D57: Colaborador 57 | E57: 29483 | F57: FEM | G57: CAS | H57: CONJ | I57: TNEE | J57: 44823 | L57: 01/2026 | M57: 29.93 | O57: 0 | P57: 000.000.000-00 | R57: 6723.45 | S57: 29.93 | T57: =IF(R57>=0,IF(AND(R57>tabelas!$C$4,R57<=tabelas!$C$5),(S57)*tabelas!$D$4,IF(AND(R57>=tabelas!$C$5,R57<=tabelas!$C$6),(S57)*tabelas!$D$5,IF(AND(R57>=tabelas!$C$6,R57<=tabelas!$C$7),(S57)*tabelas!$D$6,IF(AND(R57>0,R57>tabelas!$C$7),(S57)*tabelas!$D$7,0))))) -> 25.4405 | V57: =M57-T57 -> 4.4895
B58: 0000345/01 | C58: 54 | D58: Colaborador 58 | E58: 36336 | F58: FEM | G58: SOLT | I58: TNEE | J58: 44874 | L58: 01/2026 | M58: 29.93 | O58: 0 | P58: 000.000.000-00 | R58: 3462.92 | S58: 29.93 | T58: =IF(R58>=0,IF(AND(R58>tabelas!$C$4,R58<=tabelas!$C$5),(S58)*tabelas!$D$4,IF(AND(R58>=tabelas!$C$5,R58<=tabelas!$C$6),(S58)*tabelas!$D$5,IF(AND(R58>=tabelas!$C$6,R58<=tabelas!$C$7),(S58)*tabelas!$D$6,IF(AND(R58>0,R58>tabelas!$C$7),(S58)*tabelas!$D$7,0))))) -> 27.8349 | V58: =M58-T58 -> 2.0951
B59: 0000345/02 | C59: 55 | D59: Colaborador 59 | E59: 33725 | F59: MAS | G59: SOLT | I59: TNQQ | J59: 44886 | L59: 01/2026 | M59: 29.93 | O59: 0 | P59: 000.000.000-00 | R59: 7447.56 | S59: 29.93 | T59: =IF(R59>=0,IF(AND(R59>tabelas!$C$4,R59<=tabelas!$C$5),(S59)*tabelas!$D$4,IF(AND(R59>=tabelas!$C$5,R59<=tabelas!$C$6),(S59)*tabelas!$D$5,IF(AND(R59>=tabelas!$C$6,R59<=tabelas!$C$7),(S59)*tabelas!$D$6,IF(AND(R59>0,R59>tabelas!$C$7),(S59)*tabelas!$D$7,0))))) -> 23.0461 | V59: =M59-T59 -> 6.8839
B60: 0000353/00 | C60: 56 | D60: Colaborador 60 | E60: 35119 | F60: MAS | G60: SOLT | I60: TNQQ | J60: 44900 | L60: 01/2026 | M60: 29.93 | O60: 0 | P60: 000.000.000-00 | R60: 4094.2 | S60: 29.93 | T60: =IF(R60>=0,IF(AND(R60>tabelas!$C$4,R60<=tabelas!$C$5),(S60)*tabelas!$D$4,IF(AND(R60>=tabelas!$C$5,R60<=tabelas!$C$6),(S60)*tabelas!$D$5,IF(AND(R60>=tabelas!$C$6,R60<=tabelas!$C$7),(S60)*tabelas!$D$6,IF(AND(R60>0,R60>tabelas!$C$7),(S60)*tabelas!$D$7,0))))) -> 25.4405 | V60: =M60-T60 -> 4.4895
B61: 0000361/00 | C61: 57 | D61: Colaborador 61 | E61: 36192 | F61: FEM | G61: CAS | H61: CONJ | I61: TNQQ | J61: 45852 | L61: 01/2026 | M61: 29.93 | O61: 0 | P61: 000.000.000-00 | R61: 5605.7 | S61: 29.93 | T61: =IF(R61>=0,IF(AND(R61>tabelas!$C$4,R61<=tabelas!$C$5),(S61)*tabelas!$D$4,IF(AND(R61>=tabelas!$C$5,R61<=tabelas!$C$6),(S61)*tabelas!$D$5,IF(AND(R61>=tabelas!$C$6,R61<=tabelas!$C$7),(S61)*tabelas!$D$6,IF(AND(R61>0,R61>tabelas!$C$7),(S61)*tabelas!$D$7,0))))) -> 25.4405 | V61: =M61-T61 -> 4.4895
B62: 0000370/00 | C62: 58 | D62: Colaborador 62 | E62: 45888 | F62: FEM | G62: SOLT | H62: FILH | I62: TNQQ | J62: 45894 | L62: 01/2026 | M62: 29.93 | O62: 0 | P62: 000.000.000-00 | R62: 5774.88 | S62: 29.93 | T62: =IF(R62>=0,IF(AND(R62>tabelas!$C$4,R62<=tabelas!$C$5),(S62)*tabelas!$D$4,IF(AND(R62>=tabelas!$C$5,R62<=tabelas!$C$6),(S62)*tabelas!$D$5,IF(AND(R62>=tabelas!$C$6,R62<=tabelas!$C$7),(S62)*tabelas!$D$6,IF(AND(R62>0,R62>tabelas!$C$7),(S62)*tabelas!$D$7,0))))) -> 25.4405 | V62: =M62-T62 -> 4.4895
B63: 0000388/00 | C63: 59 | D63: Colaborador 63 | E63: 28077 | F63: MAS | G63: SOLT | I63: TNEE | J63: 44908 | L63: 01/2026 | M63: 29.93 | O63: 0 | P63: 000.000.000-00 | R63: 3649.51 | S63: 29.93 | T63: =IF(R63>=0,IF(AND(R63>tabelas!$C$4,R63<=tabelas!$C$5),(S63)*tabelas!$D$4,IF(AND(R63>=tabelas!$C$5,R63<=tabelas!$C$6),(S63)*tabelas!$D$5,IF(AND(R63>=tabelas!$C$6,R63<=tabelas!$C$7),(S63)*tabelas!$D$6,IF(AND(R63>0,R63>tabelas!$C$7),(S63)*tabelas!$D$7,0))))) -> 27.8349 | V63: =M63-T63 -> 2.0951
B64: 0000396/00 | C64: 60 | D64: Colaborador 64 | E64: 34529 | F64: MAS | G64: SOLT | I64: TNEE | J64: 44929 | L64: 01/2026 | M64: 29.93 | O64: 0 | P64: 000.000.000-00 | R64: 2670.46 | S64: 29.93 | T64: =IF(R64>=0,IF(AND(R64>tabelas!$C$4,R64<=tabelas!$C$5),(S64)*tabelas!$D$4,IF(AND(R64>=tabelas!$C$5,R64<=tabelas!$C$6),(S64)*tabelas!$D$5,IF(AND(R64>=tabelas!$C$6,R64<=tabelas!$C$7),(S64)*tabelas!$D$6,IF(AND(R64>0,R64>tabelas!$C$7),(S64)*tabelas!$D$7,0))))) -> 27.8349 | V64: =M64-T64 -> 2.0951
B65: 0000400/00 | C65: 61 | D65: Colaborador 65 | E65: 31715 | F65: MAS | G65: CAS | I65: TNQQ | J65: 44942 | L65: 01/2026 | M65: 29.93 | O65: 0 | P65: 000.000.000-00 | R65: 5891.99 | S65: 29.93 | T65: =IF(R65>=0,IF(AND(R65>tabelas!$C$4,R65<=tabelas!$C$5),(S65)*tabelas!$D$4,IF(AND(R65>=tabelas!$C$5,R65<=tabelas!$C$6),(S65)*tabelas!$D$5,IF(AND(R65>=tabelas!$C$6,R65<=tabelas!$C$7),(S65)*tabelas!$D$6,IF(AND(R65>0,R65>tabelas!$C$7),(S65)*tabelas!$D$7,0))))) -> 25.4405 | V65: =M65-T65 -> 4.4895
B66: 0000418/00 | C66: 62 | D66: Colaborador 66 | E66: 31867 | F66: FEM | G66: CAS | H66: CONJ | I66: TNQQ | J66: 44942 | L66: 01/2026 | M66: 29.93 | O66: 0 | P66: 000.000.000-00 | R66: 6019.03 | S66: 29.93 | T66: =IF(R66>=0,IF(AND(R66>tabelas!$C$4,R66<=tabelas!$C$5),(S66)*tabelas!$D$4,IF(AND(R66>=tabelas!$C$5,R66<=tabelas!$C$6),(S66)*tabelas!$D$5,IF(AND(R66>=tabelas!$C$6,R66<=tabelas!$C$7),(S66)*tabelas!$D$6,IF(AND(R66>0,R66>tabelas!$C$7),(S66)*tabelas!$D$7,0))))) -> 25.4405 | V66: =M66-T66 -> 4.4895
B67: 0000426/00 | C67: 63 | D67: Colaborador 67 | E67: 33409 | F67: MAS | G67: SOLT | I67: TNQQ | J67: 45019 | L67: 01/2026 | M67: 29.93 | O67: 0 | P67: 000.000.000-00 | R67: 2383.26 | S67: 29.93 | T67: =IF(R67>=0,IF(AND(R67>tabelas!$C$4,R67<=tabelas!$C$5),(S67)*tabelas!$D$4,IF(AND(R67>=tabelas!$C$5,R67<=tabelas!$C$6),(S67)*tabelas!$D$5,IF(AND(R67>=tabelas!$C$6,R67<=tabelas!$C$7),(S67)*tabelas!$D$6,IF(AND(R67>0,R67>tabelas!$C$7),(S67)*tabelas!$D$7,0))))) -> 27.8349 | V67: =M67-T67 -> 2.0951
B68: 0000426/01 | C68: 64 | D68: Colaborador 68 | E68: 33470 | F68: MAS | G68: CAS | I68: TNQQ | J68: 45026 | L68: 01/2026 | M68: 29.93 | O68: 0 | P68: 000.000.000-00 | R68: 1600.57 | S68: 29.93 | T68: =IF(R68>=0,IF(AND(R68>tabelas!$C$4,R68<=tabelas!$C$5),(S68)*tabelas!$D$4,IF(AND(R68>=tabelas!$C$5,R68<=tabelas!$C$6),(S68)*tabelas!$D$5,IF(AND(R68>=tabelas!$C$6,R68<=tabelas!$C$7),(S68)*tabelas!$D$6,IF(AND(R68>0,R68>tabelas!$C$7),(S68)*tabelas!$D$7,0))))) -> 27.8349 | V68: =M68-T68 -> 2.0951
B69: 0000426/02 | C69: 65 | D69: Colaborador 69 | E69: 33949 | F69: FEM | G69: CAS | H69: CONJ | I69: TNQQ | J69: 45026 | L69: 01/2026 | M69: 29.93 | O69: 0 | P69: 000.000.000-00 | R69: 3062.71 | S69: 29.93 | T69: =IF(R69>=0,IF(AND(R69>tabelas!$C$4,R69<=tabelas!$C$5),(S69)*tabelas!$D$4,IF(AND(R69>=tabelas!$C$5,R69<=tabelas!$C$6),(S69)*tabelas!$D$5,IF(AND(R69>=tabelas!$C$6,R69<=tabelas!$C$7),(S69)*tabelas!$D$6,IF(AND(R69>0,R69>tabelas!$C$7),(S69)*tabelas!$D$7,0))))) -> 27.8349 | V69: =M69-T69 -> 2.0951
B70: 0000426/03 | C70: 66 | D70: Colaborador 70 | E70: 43960 | F70: MAS | G70: SOLT | H70: FILH | I70: TNQQ | J70: 45026 | L70: 01/2026 | M70: 29.93 | O70: 0 | P70: 000.000.000-00 | R70: 2449.55 | S70: 29.93 | T70: =IF(R70>=0,IF(AND(R70>tabelas!$C$4,R70<=tabelas!$C$5),(S70)*tabelas!$D$4,IF(AND(R70>=tabelas!$C$5,R70<=tabelas!$C$6),(S70)*tabelas!$D$5,IF(AND(R70>=tabelas!$C$6,R70<=tabelas!$C$7),(S70)*tabelas!$D$6,IF(AND(R70>0,R70>tabelas!$C$7),(S70)*tabelas!$D$7,0))))) -> 27.8349 | V70: =M70-T70 -> 2.0951
B71: 0000434/00 | C71: 67 | D71: Colaborador 71 | E71: 26089 | F71: MAS | G71: CAS | I71: TNQQ | J71: 45103 | L71: 01/2026 | M71: 29.93 | O71: 0 | P71: 000.000.000-00 | R71: 5577.96 | S71: 29.93 | T71: =IF(R71>=0,IF(AND(R71>tabelas!$C$4,R71<=tabelas!$C$5),(S71)*tabelas!$D$4,IF(AND(R71>=tabelas!$C$5,R71<=tabelas!$C$6),(S71)*tabelas!$D$5,IF(AND(R71>=tabelas!$C$6,R71<=tabelas!$C$7),(S71)*tabelas!$D$6,IF(AND(R71>0,R71>tabelas!$C$7),(S71)*tabelas!$D$7,0))))) -> 25.4405 | V71: =M71-T71 -> 4.4895
B72: 0000434/01 | C72: 68 | D72: Colaborador 72 | E72: 26263 | F72: FEM | G72: CAS | H72: CONJ | I72: TNQQ | J72: 45103 | L72: 01/2026 | M72: 29.93 | O72: 0 | P72: 000.000.000-00 | R72: 2617.83 | S72: 29.93 | T72: =IF(R72>=0,IF(AND(R72>tabelas!$C$4,R72<=tabelas!$C$5),(S72)*tabelas!$D$4,IF(AND(R72>=tabelas!$C$5,R72<=tabelas!$C$6),(S72)*tabelas!$D$5,IF(AND(R72>=tabelas!$C$6,R72<=tabelas!$C$7),(S72)*tabelas!$D$6,IF(AND(R72>0,R72>tabelas!$C$7),(S72)*tabelas!$D$7,0))))) -> 27.8349 | V72: =M72-T72 -> 2.0951
B73: 0000434/02 | C73: 69 | D73: Colaborador 73 | E73: 34329 | F73: MAS | G73: CAS | I73: FCEX | J73: 45108 | L73: 01/2026 | M73: 29.93 | O73: 0 | P73: 000.000.000-00 | R73: 2539.84 | S73: 29.93 | T73: =IF(R73>=0,IF(AND(R73>tabelas!$C$4,R73<=tabelas!$C$5),(S73)*tabelas!$D$4,IF(AND(R73>=tabelas!$C$5,R73<=tabelas!$C$6),(S73)*tabelas!$D$5,IF(AND(R73>=tabelas!$C$6,R73<=tabelas!$C$7),(S73)*tabelas!$D$6,IF(AND(R73>0,R73>tabelas!$C$7),(S73)*tabelas!$D$7,0))))) -> 27.8349 | V73: =M73-T73 -> 2.0951
B74: 0000434/03 | C74: 70 | D74: Colaborador 74 | E74: 30857 | F74: MAS | G74: CAS | I74: TNQQ | J74: 45146 | L74: 01/2026 | M74: 29.93 | O74: 0 | P74: 000.000.000-00 | R74: 7642.98 | S74: 29.93 | T74: =IF(R74>=0,IF(AND(R74>tabelas!$C$4,R74<=tabelas!$C$5),(S74)*tabelas!$D$4,IF(AND(R74>=tabelas!$C$5,R74<=tabelas!$C$6),(S74)*tabelas!$D$5,IF(AND(R74>=tabelas!$C$6,R74<=tabelas!$C$7),(S74)*tabelas!$D$6,IF(AND(R74>0,R74>tabelas!$C$7),(S74)*tabelas!$D$7,0))))) -> 23.0461 | V74: =M74-T74 -> 6.8839
B75: 0000442/00 | C75: 71 | D75: Colaborador 75 | E75: 44107 | F75: FEM | G75: SOLT | H75: FILH | I75: TNQQ | J75: 45146 | L75: 01/2026 | M75: 29.93 | O75: 0 | P75: 000.000.000-00 | R75: 1364.41 | S75: 29.93 | T75: =IF(R75>=0,IF(AND(R75>tabelas!$C$4,R75<=tabelas!$C$5),(S75)*tabelas!$D$4,IF(AND(R75>=tabelas!$C$5,R75<=tabelas!$C$6),(S75)*tabelas!$D$5,IF(AND(R75>=tabelas!$C$6,R75<=tabelas!$C$7),(S75)*tabelas!$D$6,IF(AND(R75>0,R75>tabelas!$C$7),(S75)*tabelas!$D$7,0))))) -> 27.8349 | V75: =M75-T75 -> 2.0951
B76: 0000450/00 | C76: 72 | D76: Colaborador 76 | E76: 45115 | F76: MAS | G76: SOLT | H76: FILH | I76: TNQQ | J76: 45146 | L76: 01/2026 | M76: 29.93 | O76: 0 | P76: 000.000.000-00 | R76: 6050.54 | S76: 29.93 | T76: =IF(R76>=0,IF(AND(R76>tabelas!$C$4,R76<=tabelas!$C$5),(S76)*tabelas!$D$4,IF(AND(R76>=tabelas!$C$5,R76<=tabelas!$C$6),(S76)*tabelas!$D$5,IF(AND(R76>=tabelas!$C$6,R76<=tabelas!$C$7),(S76)*tabelas!$D$6,IF(AND(R76>0,R76>tabelas!$C$7),(S76)*tabelas!$D$7,0))))) -> 25.4405 | V76: =M76-T76 -> 4.4895
B77: 0000450/01 | C77: 73 | D77: Colaborador 77 | E77: 32343 | F77: FEM | G77: CAS | H77: CONJ | I77: TNQQ | J77: 45514 | L77: 01/2026 | M77: 29.93 | O77: 0 | P77: 000.000.000-00 | R77: 6605.65 | S77: 29.93 | T77: =IF(R77>=0,IF(AND(R77>tabelas!$C$4,R77<=tabelas!$C$5),(S77)*tabelas!$D$4,IF(AND(R77>=tabelas!$C$5,R77<=tabelas!$C$6),(S77)*tabelas!$D$5,IF(AND(R77>=tabelas!$C$6,R77<=tabelas!$C$7),(S77)*tabelas!$D$6,IF(AND(R77>0,R77>tabelas!$C$7),(S77)*tabelas!$D$7,0))))) -> 25.4405 | V77: =M77-T77 -> 4.4895
B78: 0000450/02 | C78: 74 | D78: Colaborador 78 | E78: 42852 | F78: MAS | G78: SOLT | H78: FILH | I78: TNQQ | J78: 45514 | L78: 01/2026 | M78: 29.93 | O78: 0 | P78: 000.000.000-00 | R78: 7655.29 | S78: 29.93 | T78: =IF(R78>=0,IF(AND(R78>tabelas!$C$4,R78<=tabelas!$C$5),(S78)*tabelas!$D$4,IF(AND(R78>=tabelas!$C$5,R78<=tabelas!$C$6),(S78)*tabelas!$D$5,IF(AND(R78>=tabelas!$C$6,R78<=tabelas!$C$7),(S78)*tabelas!$D$6,IF(AND(R78>0,R78>tabelas!$C$7),(S78)*tabelas!$D$7,0))))) -> 23.0461 | V78: =M78-T78 -> 6.8839
B79: 0000469/00 | C79: 75 | D79: Colaborador 79 | E79: 31592 | F79: MAS | G79: SOLT | I79: TNQQ | J79: 45163 | L79: 01/2026 | M79: 29.93 | O79: 0 | P79: 000.000.000-00 | R79: 3727.14 | S79: 29.93 | T79: =IF(R79>=0,IF(AND(R79>tabelas!$C$4,R79<=tabelas!$C$5),(S79)*tabelas!$D$4,IF(AND(R79>=tabelas!$C$5,R79<=tabelas!$C$6),(S79)*tabelas!$D$5,IF(AND(R79>=tabelas!$C$6,R79<=tabelas!$C$7),(S79)*tabelas!$D$6,IF(AND(R79>0,R79>tabelas!$C$7),(S79)*tabelas!$D$7,0))))) -> 25.4405 | V79: =M79-T79 -> 4.4895
B80: 0000469/01 | C80: 76 | D80: Colaborador 80 | E80: 32034 | F80: MAS | G80: CAS | I80: TNQQ | J80: 45139 | L80: 01/2026 | M80: 29.93 | O80: 0 | P80: 000.000.000-00 | R80: 2789.36 | S80: 29.93 | T80: =IF(R80>=0,IF(AND(R80>tabelas!$C$4,R80<=tabelas!$C$5),(S80)*tabelas!$D$4,IF(AND(R80>=tabelas!$C$5,R80<=tabelas!$C$6),(S80)*tabelas!$D$5,IF(AND(R80>=tabelas!$C$6,R80<=tabelas!$C$7),(S80)*tabelas!$D$6,IF(AND(R80>0,R80>tabelas!$C$7),(S80)*tabelas!$D$7,0))))) -> 27.8349 | V80: =M80-T80 -> 2.0951
B81: 0000477/00 | C81: 77 | D81: Colaborador 81 | E81: 44361 | F81: FEM | G81: SOLT | H81: FILH | I81: TNQQ | J81: 45139 | L81: 01/2026 | M81: 29.93 | O81: 0 | P81: 000.000.000-00 | R81: 7971.94 | S81: 29.93 | T81: =IF(R81>=0,IF(AND(R81>tabelas!$C$4,R81<=tabelas!$C$5),(S81)*tabelas!$D$4,IF(AND(R81>=tabelas!$C$5,R81<=tabelas!$C$6),(S81)*tabelas!$D$5,IF(AND(R81>=tabelas!$C$6,R81<=tabelas!$C$7),(S81)*tabelas!$D$6,IF(AND(R81>0,R81>tabelas!$C$7),(S81)*tabelas!$D$7,0))))) -> 23.0461 | V81: =M81-T81 -> 6.8839
B82: 0000477/01 | C82: 78 | D82: Colaborador 82 | E82: 33405 | F82: FEM | G82: CAS | H82: CONJ | I82: TNQQ | J82: 45341 | L82: 01/2026 | M82: 29.93 | O82: 0 | P82: 000.000.000-00 | R82: 7724.12 | S82: 29.93 | T82: =IF(R82>=0,IF(AND(R82>tabelas!$C$4,R82<=tabelas!$C$5),(S82)*tabelas!$D$4,IF(AND(R82>=tabelas!$C$5,R82<=tabelas!$C$6),(S82)*tabelas!$D$5,IF(AND(R82>=tabelas!$C$6,R82<=tabelas!$C$7),(S82)*tabelas!$D$6,IF(AND(R82>0,R82>tabelas!$C$7),(S82)*tabelas!$D$7,0))))) -> 23.0461 | V82: =M82-T82 -> 6.8839
B83: 0000477/02 | C83: 79 | D83: Colaborador 83 | E83: 45219 | F83: MAS | G83: SOLT | H83: FILH | I83: TNQQ | J83: 45341 | L83: 01/2026 | M83: 29.93 | O83: 0 | P83: 000.000.000-00 | R83: 6351.95 | S83: 29.93 | T83: =IF(R83>=0,IF(AND(R83>tabelas!$C$4,R83<=tabelas!$C$5),(S83)*tabelas!$D$4,IF(AND(R83>=tabelas!$C$5,R83<=tabelas!$C$6),(S83)*tabelas!$D$5,IF(AND(R83>=tabelas!$C$6,R83<=tabelas!$C$7),(S83)*tabelas!$D$6,IF(AND(R83>0,R83>tabelas!$C$7),(S83)*tabelas!$D$7,0))))) -> 25.4405 | V83: =M83-T83 -> 4.4895
B84: 0000485/00 | C84: 80 | D84: Colaborador 84 | E84: 31539 | F84: MAS | G84: CAS | I84: FCEX | J84: 45250 | L84: 01/2026 | M84: 29.93 | O84: 0 | P84: 000.000.000-00 | R84: 3505.74 | S84: 29.93 | T84: =IF(R84>=0,IF(AND(R84>tabelas!$C$4,R84<=tabelas!$C$5),(S84)*tabelas!$D$4,IF(AND(R84>=tabelas!$C$5,R84<=tabelas!$C$6),(S84)*tabelas!$D$5,IF(AND(R84>=tabelas!$C$6,R84<=tabelas!$C$7),(S84)*tabelas!$D$6,IF(AND(R84>0,R84>tabelas!$C$7),(S84)*tabelas!$D$7,0))))) -> 27.8349 | V84: =M84-T84 -> 2.0951
B85: 0000493/00 | C85: 81 | D85: Colaborador 85 | E85: 34019 | F85: FEM | G85: CAS | H85: CONJ | I85: FCEX | J85: 45250 | L85: 01/2026 | M85: 29.93 | O85: 0 | P85: 000.000.000-00 | R85: 7171.63 | S85: 29.93 | T85: =IF(R85>=0,IF(AND(R85>tabelas!$C$4,R85<=tabelas!$C$5),(S85)*tabelas!$D$4,IF(AND(R85>=tabelas!$C$5,R85<=tabelas!$C$6),(S85)*tabelas!$D$5,IF(AND(R85>=tabelas!$C$6,R85<=tabelas!$C$7),(S85)*tabelas!$D$6,IF(AND(R85>0,R85>tabelas!$C$7),(S85)*tabelas!$D$7,0))))) -> 25.4405 | V85: =M85-T85 -> 4.4895
B86: 0000493/01 | C86: 82 | D86: Colaborador 86 | E86: 43235 | F86: MAS | G86: SOLT | H86: FILH | I86: FCEX | J86: 45250 | L86: 01/2026 | M86: 29.93 | O86: 0 | P86: 000.000.000-00 | R86: 2858.97 | S86: 29.93 | T86: =IF(R86>=0,IF(AND(R86>tabelas!$C$4,R86<=tabelas!$C$5),(S86)*tabelas!$D$4,IF(AND(R86>=tabelas!$C$5,R86<=tabelas!$C$6),(S86)*tabelas!$D$5,IF(AND(R86>=tabelas!$C$6,R86<=tabelas!$C$7),(S86)*tabelas!$D$6,IF(AND(R86>0,R86>tabelas!$C$7),(S86)*tabelas!$D$7,0))))) -> 27.8349 | V86: =M86-T86 -> 2.0951
B87: 0000493/02 | C87: 83 | D87: Colaborador 87 | E87: 31562 | F87: MAS | G87: VIUV | I87: TNQQ | J87: 45352 | L87: 01/2026 | M87: 29.93 | O87: 0 | P87: 000.000.000-00 | R87: 1017.47 | S87: 29.93 | T87: =IF(R87>=0,IF(AND(R87>tabelas!$C$4,R87<=tabelas!$C$5),(S87)*tabelas!$D$4,IF(AND(R87>=tabelas!$C$5,R87<=tabelas!$C$6),(S87)*tabelas!$D$5,IF(AND(R87>=tabelas!$C$6,R87<=tabelas!$C$7),(S87)*tabelas!$D$6,IF(AND(R87>0,R87>tabelas!$C$7),(S87)*tabelas!$D$7,0))))) -> 27.8349 | V87: =M87-T87 -> 2.0951
B88: 0000507/00 | C88: 84 | D88: Colaborador 88 | E88: 44317 | F88: MAS | G88: SOLT | H88: FILH | I88: TNQQ | J88: 45352 | L88: 01/2026 | M88: 29.93 | O88: 0 | P88: 000.000.000-00 | R88: 3841.85 | S88: 29.93 | T88: =IF(R88>=0,IF(AND(R88>tabelas!$C$4,R88<=tabelas!$C$5),(S88)*tabelas!$D$4,IF(AND(R88>=tabelas!$C$5,R88<=tabelas!$C$6),(S88)*tabelas!$D$5,IF(AND(R88>=tabelas!$C$6,R88<=tabelas!$C$7),(S88)*tabelas!$D$6,IF(AND(R88>0,R88>tabelas!$C$7),(S88)*tabelas!$D$7,0))))) -> 25.4405 | V88: =M88-T88 -> 4.4895
B89: 0000507/01 | C89: 85 | D89: Colaborador 89 | E89: 24113 | F89: MAS | G89: OUTR | I89: TNEE | J89: 45383 | L89: 01/2026 | M89: 29.93 | O89: 0 | P89: 000.000.000-00 | R89: 5667.35 | S89: 29.93 | T89: =IF(R89>=0,IF(AND(R89>tabelas!$C$4,R89<=tabelas!$C$5),(S89)*tabelas!$D$4,IF(AND(R89>=tabelas!$C$5,R89<=tabelas!$C$6),(S89)*tabelas!$D$5,IF(AND(R89>=tabelas!$C$6,R89<=tabelas!$C$7),(S89)*tabelas!$D$6,IF(AND(R89>0,R89>tabelas!$C$7),(S89)*tabelas!$D$7,0))))) -> 25.4405 | V89: =M89-T89 -> 4.4895
B90: 0000515/00 | C90: 86 | D90: Colaborador 90 | E90: 35285 | F90: MAS | G90: SOLT | I90: TNQQ | J90: 45383 | L90: 01/2026 | M90: 29.93 | O90: 0 | P90: 000.000.000-00 | R90: 7383.29 | S90: 29.93 | T90: =IF(R90>=0,IF(AND(R90>tabelas!$C$4,R90<=tabelas!$C$5),(S90)*tabelas!$D$4,IF(AND(R90>=tabelas!$C$5,R90<=tabelas!$C$6),(S90)*tabelas!$D$5,IF(AND(R90>=tabelas!$C$6,R90<=tabelas!$C$7),(S90)*tabelas!$D$6,IF(AND(R90>0,R90>tabelas!$C$7),(S90)*tabelas!$D$7,0))))) -> 25.4405 | V90: =M90-T90 -> 4.4895
B91: 0000523/00 | C91: 87 | D91: Colaborador 91 | E91: 29391 | F91: MAS | G91: CAS | I91: FCQX | J91: 45383 | L91: 01/2026 | M91: 29.93 | O91: 0 | P91: 000.000.000-00 | R91: 1584.35 | S91: 29.93 | T91: =IF(R91>=0,IF(AND(R91>tabelas!$C$4,R91<=tabelas!$C$5),(S91)*tabelas!$D$4,IF(AND(R91>=tabelas!$C$5,R91<=tabelas!$C$6),(S91)*tabelas!$D$5,IF(AND(R91>=tabelas!$C$6,R91<=tabelas!$C$7),(S91)*tabelas!$D$6,IF(AND(R91>0,R91>tabelas!$C$7),(S91)*tabelas!$D$7,0))))) -> 27.8349 | V91: =M91-T91 -> 2.0951
B92: 0000523/01 | C92: 88 | D92: Colaborador 92 | E92: 29718 | F92: FEM | G92: CAS | H92: CONJ | I92: FCQX | J92: 45383 | L92: 01/2026 | M92: 29.93 | O92: 0 | P92: 000.000.000-00 | R92: 7823.99 | S92: 29.93 | T92: =IF(R92>=0,IF(AND(R92>tabelas!$C$4,R92<=tabelas!$C$5),(S92)*tabelas!$D$4,IF(AND(R92>=tabelas!$C$5,R92<=tabelas!$C$6),(S92)*tabelas!$D$5,IF(AND(R92>=tabelas!$C$6,R92<=tabelas!$C$7),(S92)*tabelas!$D$6,IF(AND(R92>0,R92>tabelas!$C$7),(S92)*tabelas!$D$7,0))))) -> 23.0461 | V92: =M92-T92 -> 6.8839
B93: 0000531/00 | C93: 89 | D93: Colaborador 93 | E93: 39021 | F93: FEM | G93: SOLT | H93: FILH | I93: FCQX | J93: 45383 | L93: 01/2026 | M93: 29.93 | O93: 0 | P93: 000.000.000-00 | R93: 5928.85 | S93: 29.93 | T93: =IF(R93>=0,IF(AND(R93>tabelas!$C$4,R93<=tabelas!$C$5),(S93)*tabelas!$D$4,IF(AND(R93>=tabelas!$C$5,R93<=tabelas!$C$6),(S93)*tabelas!$D$5,IF(AND(R93>=tabelas!$C$6,R93<=tabelas!$C$7),(S93)*tabelas!$D$6,IF(AND(R93>0,R93>tabelas!$C$7),(S93)*tabelas!$D$7,0))))) -> 25.4405 | V93: =M93-T93 -> 4.4895
B94: 0000531/01 | C94: 90 | D94: Colaborador 94 | E94: 42565 | F94: FEM | G94: SOLT | H94: FILH | I94: FCQX | J94: 45383 | L94: 01/2026 | M94: 29.93 | O94: 0 | P94: 000.000.000-00 | R94: 1104.48 | S94: 29.93 | T94: =IF(R94>=0,IF(AND(R94>tabelas!$C$4,R94<=tabelas!$C$5),(S94)*tabelas!$D$4,IF(AND(R94>=tabelas!$C$5,R94<=tabelas!$C$6),(S94)*tabelas!$D$5,IF(AND(R94>=tabelas!$C$6,R94<=tabelas!$C$7),(S94)*tabelas!$D$6,IF(AND(R94>0,R94>tabelas!$C$7),(S94)*tabelas!$D$7,0))))) -> 27.8349 | V94: =M94-T94 -> 2.0951
B95: 0000531/02 | C95: 91 | D95: Colaborador 95 | E95: 21587 | F95: MAS | G95: SOLT | I95: TNQQ | J95: 45397 | L95: 01/2026 | M95: 29.93 | O95: 0 | P95: 000.000.000-00 | R95: 2626.41 | S95: 29.93 | T95: =IF(R95>=0,IF(AND(R95>tabelas!$C$4,R95<=tabelas!$C$5),(S95)*tabelas!$D$4,IF(AND(R95>=tabelas!$C$5,R95<=tabelas!$C$6),(S95)*tabelas!$D$5,IF(AND(R95>=tabelas!$C$6,R95<=tabelas!$C$7),(S95)*tabelas!$D$6,IF(AND(R95>0,R95>tabelas!$C$7),(S95)*tabelas!$D$7,0))))) -> 27.8349 | V95: =M95-T95 -> 2.0951
B96: 0000540/00 | C96: 92 | D96: Colaborador 96 | E96: 36854 | F96: MAS | G96: SOLT | I96: FCEX | J96: 45397 | L96: 01/2026 | M96: 29.93 | O96: 0 | P96: 000.000.000-00 | R96: 5797.71 | S96: 29.93 | T96: =IF(R96>=0,IF(AND(R96>tabelas!$C$4,R96<=tabelas!$C$5),(S96)*tabelas!$D$4,IF(AND(R96>=tabelas!$C$5,R96<=tabelas!$C$6),(S96)*tabelas!$D$5,IF(AND(R96>=tabelas!$C$6,R96<=tabelas!$C$7),(S96)*tabelas!$D$6,IF(AND(R96>0,R96>tabelas!$C$7),(S96)*tabelas!$D$7,0))))) -> 25.4405 | V96: =M96-T96 -> 4.4895
B97: 0000558/00 | C97: 93 | D97: Colaborador 97 | E97: 36900 | F97: FEM | G97: CAS | H97: CONJ | I97: FCEX | J97: 45698 | L97: 01/2026 | M97: 29.93 | O97: 0 | P97: 000.000.000-00 | R97: 3024.55 | S97: 29.93 | T97: =IF(R97>=0,IF(AND(R97>tabelas!$C$4,R97<=tabelas!$C$5),(S97)*tabelas!$D$4,IF(AND(R97>=tabelas!$C$5,R97<=tabelas!$C$6),(S97)*tabelas!$D$5,IF(AND(R97>=tabelas!$C$6,R97<=tabelas!$C$7),(S97)*tabelas!$D$6,IF(AND(R97>0,R97>tabelas!$C$7),(S97)*tabelas!$D$7,0))))) -> 27.8349 | V97: =M97-T97 -> 2.0951
B98: 0000566/00 | C98: 94 | D98: Colaborador 98 | E98: 45712 | F98: FEM | G98: SOLT | H98: FILH | I98: FCEX | J98: 45733 | L98: 01/2026 | M98: 29.93 | O98: 0 | P98: 000.000.000-00 | R98: 4285.37 | S98: 29.93 | T98: =IF(R98>=0,IF(AND(R98>tabelas!$C$4,R98<=tabelas!$C$5),(S98)*tabelas!$D$4,IF(AND(R98>=tabelas!$C$5,R98<=tabelas!$C$6),(S98)*tabelas!$D$5,IF(AND(R98>=tabelas!$C$6,R98<=tabelas!$C$7),(S98)*tabelas!$D$6,IF(AND(R98>0,R98>tabelas!$C$7),(S98)*tabelas!$D$7,0))))) -> 25.4405 | V98: =M98-T98 -> 4.4895
C99: 95 | D99: Colaborador 99 | E99: 31164 | F99: MAS | G99: CAS | I99: TNQQ | J99: 45397 | L99: 01/2026 | M99: 29.93 | O99: 0 | P99: 000.000.000-00 | R99: 7622.38 | S99: 29.93 | T99: =IF(R99>=0,IF(AND(R99>tabelas!$C$4,R99<=tabelas!$C$5),(S99)*tabelas!$D$4,IF(AND(R99>=tabelas!$C$5,R99<=tabelas!$C$6),(S99)*tabelas!$D$5,IF(AND(R99>=tabelas!$C$6,R99<=tabelas!$C$7),(S99)*tabelas!$D$6,IF(AND(R99>0,R99>tabelas!$C$7),(S99)*tabelas!$D$7,0))))) -> 23.0461 | V99: =M99-T99 -> 6.8839
C100: 96 | D100: Colaborador 100 | E100: 32150 | F100: FEM | G100: CAS | H100: CONJ | I100: TNQQ | J100: 45397 | L100: 01/2026 | M100: 29.93 | O100: 0 | P100: 000.000.000-00 | R100: 3275.49 | S100: 29.93 | T100: =IF(R100>=0,IF(AND(R100>tabelas!$C$4,R100<=tabelas!$C$5),(S100)*tabelas!$D$4,IF(AND(R100>=tabelas!$C$5,R100<=tabelas!$C$6),(S100)*tabelas!$D$5,IF(AND(R100>=tabelas!$C$6,R100<=tabelas!$C$7),(S100)*tabelas!$D$6,IF(AND(R100>0,R100>tabelas!$C$7),(S100)*tabelas!$D$7,0))))) -> 27.8349 | V100: =M100-T100 -> 2.0951
B101: 0000647/00 | C101: 97 | D101: Colaborador 101 | E101: 41026 | F101: FEM | G101: SOLT | H101: FILH | I101: TNQQ | J101: 45397 | L101: 01/2026 | M101: 29.93 | O101: 0 | P101: 000.000.000-00 | R101: 4345.25 | S101: 29.93 | T101: =IF(R101>=0,IF(AND(R101>tabelas!$C$4,R101<=tabelas!$C$5),(S101)*tabelas!$D$4,IF(AND(R101>=tabelas!$C$5,R101<=tabelas!$C$6),(S101)*tabelas!$D$5,IF(AND(R101>=tabelas!$C$6,R101<=tabelas!$C$7),(S101)*tabelas!$D$6,IF(AND(R101>0,R101>tabelas!$C$7),(S101)*tabelas!$D$7,0))))) -> 25.4405 | V101: =M101-T101 -> 4.4895
C102: 98 | D102: Colaborador 102 | E102: 43534 | F102: MAS | G102: SOLT | H102: FILH | I102: TNQQ | J102: 45397 | L102: 01/2026 | M102: 29.93 | O102: 0 | P102: 000.000.000-00 | R102: 5099.43 | S102: 29.93 | T102: =IF(R102>=0,IF(AND(R102>tabelas!$C$4,R102<=tabelas!$C$5),(S102)*tabelas!$D$4,IF(AND(R102>=tabelas!$C$5,R102<=tabelas!$C$6),(S102)*tabelas!$D$5,IF(AND(R102>=tabelas!$C$6,R102<=tabelas!$C$7),(S102)*tabelas!$D$6,IF(AND(R102>0,R102>tabelas!$C$7),(S102)*tabelas!$D$7,0))))) -> 25.4405 | V102: =M102-T102 -> 4.4895
...

Sheet Planilha2
B3: Código | C3: Faixa Etária | E3: Valor individual | F3: Bradesco FLEX
A4: Flex | B4: FCEX | C4: 0 | D4: 18 | E4: 332.85 | F4: Enfermaria sem coparticipação | I4: FCEX | J4: Flex | K4: enfermaria
B5: FCEX | C5: =D4+1 -> 19 | D5: 23 | E5: 392.75 | F5: Enfermaria sem coparticipação | I5: FCQX | J5: Flex | K5: apartamento
B6: FCEX | C6: =D5+1 -> 24 | D6: 28 | E6: 475.24 | F6: Enfermaria sem coparticipação | I6: TNEE | J6: Nacional | K6: enfermaria
B7: FCEX | C7: =D6+1 -> 29 | D7: 33 | E7: 570.29 | F7: Enfermaria sem coparticipação | I7: TNQQ | J7: Nacional | K7: apartamento
B8: FCEX | C8: =D7+1 -> 34 | D8: 38 | E8: 650.14 | F8: Enfermaria sem coparticipação
B9: FCEX | C9: =D8+1 -> 39 | D9: 43 | E9: 669.63 | F9: Enfermaria sem coparticipação | I9: FCEX | J9: FCEX
B10: FCEX | C10: =D9+1 -> 44 | D10: 48 | E10: 815.32 | F10: Enfermaria sem coparticipação | I10: FCQX | J10: FCEX
B11: FCEX | C11: =D10+1 -> 49 | D11: 53 | E11: 958.98 | F11: Enfermaria sem coparticipação | I11: TNEE | J11: TNEE
B12: FCEX | C12: =D11+1 -> 54 | D12: 58 | E12: 1141.2 | F12: Enfermaria sem coparticipação | I12: TNQQ | J12: TNEE
B13: FCEX | C13: 59 | D13: 100 | E13: 1997.1 | F13: Enfermaria sem coparticipação
A14: Flex | B14: FCQX | C14: 0 | D14: 18 | E14: 369.83 | F14: Apartamento sem coparticipação
B15: FCQX | C15: =D14+1 -> 19 | D15: 23 | E15: 436.4 | F15: Apartamento sem coparticipação
B16: FCQX | C16: =D15+1 -> 24 | D16: 28 | E16: 528.04 | F16: Apartamento sem coparticipação
B17: FCQX | C17: =D16+1 -> 29 | D17: 33 | E17: 633.65 | F17: Apartamento sem coparticipação
B18: FCQX | C18: =D17+1 -> 34 | D18: 38 | E18: 722.37 | F18: Apartamento sem coparticipação
B19: FCQX | C19: =D18+1 -> 39 | D19: 43 | E19: 744.05 | F19: Apartamento sem coparticipação
B20: FCQX | C20: =D19+1 -> 44 | D20: 48 | E20: 905.91 | F20: Apartamento sem coparticipação
B21: FCQX | C21: =D20+1 -> 49 | D21: 53 | E21: 1065.53 | F21: Apartamento sem coparticipação
B22: FCQX | C22: =D21+1 -> 54 | D22: 58 | E22: 1267.99 | F22: Apartamento sem coparticipação
B23: FCQX | C23: 59 | D23: 100 | E23: 1739.11 | F23: Apartamento sem coparticipação
A24: Nacional | B24: TNEE | C24: 0 | D24: 18 | E24: 339.64 | F24: Nac Enfermaria sem coparticipação
B25: TNEE | C25: =D24+1 -> 19 | D25: 23 | E25: 400.78 | F25: Nac Enfermaria sem coparticipação
B26: TNEE | C26: =D25+1 -> 24 | D26: 28 | E26: 484.94 | F26: Nac Enfermaria sem coparticipação
B27: TNEE | C27: =D26+1 -> 29 | D27: 33 | E27: 581.93 | F27: Nac Enfermaria sem coparticipação
B28: TNEE | C28: =D27+1 -> 34 | D28: 38 | E28: 663.41 | F28: Nac Enfermaria sem coparticipação
B29: TNEE | C29: =D28+1 -> 39 | D29: 43 | E29: 683.3 | F29: Nac Enfermaria sem coparticipação
B30: TNEE | C30: =D29+1 -> 44 | D30: 48 | E30: 831.96 | F30: Nac Enfermaria sem coparticipação
B31: TNEE | C31: =D30+1 -> 49 | D31: 53 | E31: 978.55 | F31: Nac Enfermaria sem coparticipação
B32: TNEE | C32: =D31+1 -> 54 | D32: 58 | E32: 1164.48 | F32: Nac Enfermaria sem coparticipação
B33: TNEE | C33: 59 | D33: 100 | E33: 2037.85 | F33: Nac Enfermaria sem coparticipação
A34: Nacional | B34: TNQQ | C34: 0 | D34: 18 | E34: 376.65 | F34: Nac Apartamento sem coparticipação
B35: TNQQ | C35: =D34+1 -> 19 | D35: 23 | E35: 444.44 | F35: Nac Apartamento sem coparticipação
B36: TNQQ | C36: =D35+1 -> 24 | D36: 28 | E36: 537.78 | F36: Nac Apartamento sem coparticipação
B37: TNQQ | C37: =D36+1 -> 29 | D37: 33 | E37: 645.34 | F37: Nac Apartamento sem coparticipação
B38: TNQQ | C38: =D37+1 -> 34 | D38: 38 | E38: 735.69 | F38: Nac Apartamento sem coparticipação
B39: TNQQ | C39: =D38+1 -> 39 | D39: 43 | E39: 757.76 | F39: Nac Apartamento sem coparticipação
B40: TNQQ | C40: =D39+1 -> 44 | D40: 48 | E40: 922.61 | F40: Nac Apartamento sem coparticipação
B41: TNQQ | C41: =D40+1 -> 49 | D41: 53 | E41: 1085.18 | F41: Nac Apartamento sem coparticipação
B42: TNQQ | C42: =D41+1 -> 54 | D42: 58 | E42: 1291.37 | F42: Nac Apartamento sem coparticipação
B43: TNQQ | C43: 59 | D43: 100 | E43: 2259.91 | F43: Nac Apartamento sem coparticipação

Sheet tabelas
C2: TABELA DESCONTO
C3: FAIXA SALARIAL | D3: ATLANTICO | E3: COLABORADOR
C4: 0 | D4: 0.93 | E4: 0.07
C5: 3712.1375 | D5: 0.85 | E5: 0.15
C6: 7411.3001 | D6: 0.77 | E6: 0.23
C7: 15265.628 | D7: 0.69 | E7: 0.31
